# Hebrew (he). Format: phrase<TAB>English gloss. NFC, no niqqud. PENDING NATIVE-SPEAKER REVIEW.
פתח קובץ	Open File
שמור קובץ	Save File
שמור בשם	Save As
חלון חדש	New Window
סגור חלון	Close Window
פתח הגדרות	Open Settings
הגדרות	Settings
חיפוש	Search
החלפה	Replace
החלף הכול	Replace All
בטל	Undo
בצע שוב	Redo
גזור	Cut
העתק	Copy
הדבק	Paste
בחר הכול	Select All
תצוגה	View
עריכה	Edit
עזרה	Help
פתח מסוף	Open Terminal
כרטיסייה חדשה	New Tab
סגור כרטיסייה	Close Tab
קבצים אחרונים	Recent Files
פתח תיקייה	Open Folder
הורדה	Download
העלאה	Upload
התנתק	Log Out
התחבר	Log In
ערוך פרופיל	Edit Profile
התראות	Notifications
שנה שפה	Change Language
החלף ערכת נושא	Toggle Theme
מצב כהה	Dark Mode
קיצורי מקלדת	Keyboard Shortcuts
צור ענף	Create Branch
בצע commit לשינויים	Commit Changes
בקשת משיכה	Pull Request
הרחבות	Extensions
טען מחדש	Reload
הדפסה	Print
מחק	Delete
שנה שם	Rename
שתף	Share
רוקן את סל המחזור	Empty Recycle Bin
אין תוצאות	No Results
עמוד {n} מתוך {m}	Page {n} of {m}
