# Latin-script phrases with diacritics (de, fr, es, pt, pl, sv, da, cs). Counted as Latin. NFC. PENDING NATIVE-SPEAKER REVIEW.
Datei öffnen	Open File (de)
Einstellungen öffnen	Open Settings (de)
Änderungen übernehmen	Apply Changes (de)
Zuletzt geöffnete Dateien	Recent Files (de)
Schriftgröße ändern	Change Font Size (de)
Ouvrir le fichier	Open File (fr)
Paramètres	Settings (fr)
Créer une branche	Create Branch (fr)
Aperçu du document	Document Preview (fr)
Réinitialiser les préférences	Reset Preferences (fr)
Abrir archivo	Open File (es)
Configuración	Settings (es)
Búsqueda avanzada	Advanced Search (es)
Guardar cambios	Save Changes (es)
Configurações de exibição	Display Settings (pt)
Histórico de versões	Version History (pt)
Ustawienia użytkownika	User Settings (pl)
Zamknij okno	Close Window (pl)
Öppna fil	Open File (sv)
Åbn seneste	Open Recent (da)
Uložit změny	Save Changes (cs)
café	café
naïve	naïve
résumé	résumé
Zürich	Zürich
São Paulo	São Paulo
Kraków	Kraków
Gdańsk	Gdańsk
Ångström	Ångström
Straße	Straße
Øresund	Øresund
Málaga	Málaga
